,Graph,Labels
0,Graph with 2698 nodes and 5913 edges,True
1,Graph with 4974 nodes and 11343 edges,True
2,Graph with 1422 nodes and 2409 edges,True
3,Graph with 4428 nodes and 9858 edges,True
4,Graph with 3158 nodes and 5741 edges,True
5,Graph with 4308 nodes and 10459 edges,True
6,Graph with 1054 nodes and 1381 edges,True
7,Graph with 3896 nodes and 9908 edges,True
8,Graph with 2142 nodes and 4317 edges,True
9,Graph with 3980 nodes and 6921 edges,True
10,Graph with 2616 nodes and 5485 edges,True
11,Graph with 1492 nodes and 2370 edges,True
12,Graph with 4178 nodes and 7652 edges,True
13,Graph with 632 nodes and 778 edges,True
14,Graph with 2254 nodes and 3649 edges,True
15,Graph with 3800 nodes and 8213 edges,True
16,Graph with 1748 nodes and 2477 edges,True
17,Graph with 3258 nodes and 6420 edges,True
18,Graph with 4772 nodes and 8013 edges,True
19,Graph with 4274 nodes and 7838 edges,True
20,Graph with 2270 nodes and 3772 edges,True
21,Graph with 4408 nodes and 12936 edges,True
22,Graph with 1342 nodes and 1960 edges,True
23,Graph with 658 nodes and 860 edges,True
24,Graph with 2742 nodes and 4831 edges,True
25,Graph with 3688 nodes and 8607 edges,True
26,Graph with 4134 nodes and 10193 edges,True
27,Graph with 3496 nodes and 8668 edges,True
28,Graph with 2324 nodes and 4714 edges,True
29,Graph with 4012 nodes and 6203 edges,True
30,Graph with 3476 nodes and 7038 edges,True
31,Graph with 3266 nodes and 6408 edges,True
32,Graph with 3036 nodes and 6182 edges,True
33,Graph with 3002 nodes and 5040 edges,True
34,Graph with 2618 nodes and 5117 edges,True
35,Graph with 1578 nodes and 2639 edges,True
36,Graph with 2516 nodes and 3716 edges,True
37,Graph with 2152 nodes and 4111 edges,True
38,Graph with 3246 nodes and 5021 edges,True
39,Graph with 880 nodes and 1181 edges,True
40,Graph with 3860 nodes and 10361 edges,True
41,Graph with 2718 nodes and 5850 edges,True
42,Graph with 3600 nodes and 6012 edges,True
43,Graph with 854 nodes and 1197 edges,True
44,Graph with 2814 nodes and 6671 edges,True
45,Graph with 4398 nodes and 10704 edges,True
46,Graph with 2060 nodes and 3556 edges,True
47,Graph with 3428 nodes and 6060 edges,True
48,Graph with 3920 nodes and 9850 edges,True
49,Graph with 4354 nodes and 11826 edges,True
50,Graph with 1800 nodes and 3034 edges,True
51,Graph with 1802 nodes and 3105 edges,True
52,Graph with 1098 nodes and 1607 edges,True
53,Graph with 4840 nodes and 12269 edges,True
54,Graph with 4702 nodes and 12259 edges,True
55,Graph with 2820 nodes and 4993 edges,True
56,Graph with 4678 nodes and 13257 edges,True
57,Graph with 3942 nodes and 8196 edges,True
58,Graph with 2562 nodes and 5717 edges,True
59,Graph with 3992 nodes and 6890 edges,True
60,Graph with 4600 nodes and 13281 edges,True
61,Graph with 1850 nodes and 3399 edges,True
62,Graph with 1206 nodes and 1802 edges,True
63,Graph with 2064 nodes and 4126 edges,True
64,Graph with 4382 nodes and 12730 edges,True
65,Graph with 2270 nodes and 4216 edges,True
66,Graph with 1042 nodes and 1492 edges,True
67,Graph with 3808 nodes and 5756 edges,True
68,Graph with 4642 nodes and 7287 edges,True
69,Graph with 3182 nodes and 6462 edges,True
70,Graph with 1180 nodes and 1790 edges,True
71,Graph with 4278 nodes and 10616 edges,True
72,Graph with 2548 nodes and 3834 edges,True
73,Graph with 2000 nodes and 3276 edges,True
74,Graph with 2740 nodes and 4351 edges,True
75,Graph with 1368 nodes and 2093 edges,True
76,Graph with 556 nodes and 607 edges,False
77,Graph with 232 nodes and 241 edges,False
78,Graph with 1744 nodes and 2376 edges,False
79,Graph with 238 nodes and 240 edges,False
80,Graph with 4770 nodes and 6120 edges,False
81,Graph with 3768 nodes and 5030 edges,False
82,Graph with 1148 nodes and 1204 edges,False
83,Graph with 1958 nodes and 2005 edges,False
84,Graph with 312 nodes and 325 edges,False
85,Graph with 1950 nodes and 2472 edges,False
86,Graph with 1708 nodes and 1985 edges,False
87,Graph with 3552 nodes and 4727 edges,False
88,Graph with 864 nodes and 1050 edges,False
89,Graph with 246 nodes and 250 edges,False
90,Graph with 2948 nodes and 3590 edges,False
91,Graph with 262 nodes and 264 edges,False
92,Graph with 3090 nodes and 3929 edges,False
93,Graph with 1042 nodes and 1219 edges,False
94,Graph with 1516 nodes and 1576 edges,False
95,Graph with 2070 nodes and 2752 edges,False
96,Graph with 418 nodes and 425 edges,False
97,Graph with 1070 nodes and 1226 edges,False
98,Graph with 1604 nodes and 2095 edges,False
99,Graph with 220 nodes and 226 edges,False
100,Graph with 4194 nodes and 5768 edges,False
101,Graph with 1252 nodes and 1606 edges,False
102,Graph with 576 nodes and 618 edges,False
103,Graph with 514 nodes and 556 edges,False
104,Graph with 4082 nodes and 4104 edges,False
105,Graph with 678 nodes and 834 edges,False
106,Graph with 350 nodes and 354 edges,False
107,Graph with 2522 nodes and 2525 edges,False
108,Graph with 1128 nodes and 1383 edges,False
109,Graph with 586 nodes and 739 edges,False
110,Graph with 1428 nodes and 1573 edges,False
111,Graph with 754 nodes and 874 edges,False
112,Graph with 4332 nodes and 6319 edges,False
113,Graph with 2706 nodes and 3047 edges,False
114,Graph with 628 nodes and 663 edges,False
115,Graph with 852 nodes and 1079 edges,False
116,Graph with 464 nodes and 489 edges,False
117,Graph with 2028 nodes and 2606 edges,False
118,Graph with 2706 nodes and 2924 edges,False
119,Graph with 2268 nodes and 2306 edges,False
120,Graph with 426 nodes and 490 edges,False
121,Graph with 1036 nodes and 1134 edges,False
122,Graph with 1170 nodes and 1284 edges,False
123,Graph with 300 nodes and 314 edges,False
124,Graph with 778 nodes and 1027 edges,False
125,Graph with 3132 nodes and 3460 edges,False
126,Graph with 2398 nodes and 3254 edges,False
127,Graph with 3816 nodes and 4952 edges,False
128,Graph with 726 nodes and 763 edges,False
129,Graph with 1666 nodes and 1724 edges,False
130,Graph with 160 nodes and 161 edges,False
131,Graph with 1070 nodes and 1098 edges,False
132,Graph with 332 nodes and 380 edges,False
133,Graph with 200 nodes and 213 edges,False
134,Graph with 606 nodes and 772 edges,False
135,Graph with 390 nodes and 406 edges,False
136,Graph with 298 nodes and 335 edges,False
137,Graph with 442 nodes and 525 edges,False
138,Graph with 1322 nodes and 1362 edges,False
139,Graph with 1712 nodes and 1760 edges,False
140,Graph with 950 nodes and 1169 edges,False
141,Graph with 188 nodes and 205 edges,False
142,Graph with 1282 nodes and 1373 edges,False
143,Graph with 1030 nodes and 1377 edges,False
144,Graph with 2260 nodes and 2739 edges,False
145,Graph with 4962 nodes and 7178 edges,False
146,Graph with 1266 nodes and 1327 edges,False
147,Graph with 482 nodes and 557 edges,False
148,Graph with 2290 nodes and 3180 edges,False
149,Graph with 742 nodes and 784 edges,False
150,Graph with 4324 nodes and 10234 edges,True
151,Graph with 4836 nodes and 13893 edges,True
152,Graph with 2938 nodes and 5023 edges,True
153,Graph with 3672 nodes and 9988 edges,True
154,Graph with 1604 nodes and 2570 edges,True
155,Graph with 3148 nodes and 7986 edges,True
156,Graph with 1182 nodes and 1654 edges,True
157,Graph with 2646 nodes and 4847 edges,True
158,Graph with 2734 nodes and 5751 edges,True
159,Graph with 1404 nodes and 2291 edges,True
160,Graph with 830 nodes and 1107 edges,True
161,Graph with 3970 nodes and 8944 edges,True
162,Graph with 4604 nodes and 9199 edges,True
163,Graph with 1654 nodes and 2861 edges,True
164,Graph with 2028 nodes and 3504 edges,True
165,Graph with 4448 nodes and 8008 edges,True
166,Graph with 3822 nodes and 5959 edges,True
167,Graph with 2222 nodes and 3513 edges,True
168,Graph with 2430 nodes and 3624 edges,True
169,Graph with 2888 nodes and 6422 edges,True
170,Graph with 3120 nodes and 5384 edges,True
171,Graph with 4770 nodes and 9450 edges,True
172,Graph with 1760 nodes and 2652 edges,True
173,Graph with 3132 nodes and 7247 edges,True
174,Graph with 716 nodes and 934 edges,True
175,Graph with 3414 nodes and 8660 edges,True
176,Graph with 1152 nodes and 1598 edges,True
177,Graph with 4216 nodes and 11103 edges,True
178,Graph with 4666 nodes and 14641 edges,True
179,Graph with 2974 nodes and 5614 edges,True
180,Graph with 4792 nodes and 14196 edges,True
181,Graph with 1698 nodes and 2709 edges,True
182,Graph with 1994 nodes and 3267 edges,True
183,Graph with 1176 nodes and 1846 edges,True
184,Graph with 4866 nodes and 14035 edges,True
185,Graph with 4848 nodes and 7814 edges,True
186,Graph with 3546 nodes and 7511 edges,True
187,Graph with 1864 nodes and 3499 edges,True
188,Graph with 3474 nodes and 5566 edges,True
189,Graph with 2212 nodes and 4003 edges,True
190,Graph with 3616 nodes and 9970 edges,True
191,Graph with 4890 nodes and 10308 edges,True
192,Graph with 4772 nodes and 12899 edges,True
193,Graph with 4206 nodes and 6514 edges,True
194,Graph with 4578 nodes and 9072 edges,True
195,Graph with 3880 nodes and 11124 edges,True
196,Graph with 4174 nodes and 11602 edges,True
197,Graph with 1400 nodes and 1944 edges,True
198,Graph with 3234 nodes and 6851 edges,True
199,Graph with 3468 nodes and 7905 edges,True
200,Graph with 1620 nodes and 2307 edges,True
201,Graph with 2538 nodes and 5581 edges,True
202,Graph with 3032 nodes and 7634 edges,True
203,Graph with 2122 nodes and 3885 edges,True
204,Graph with 3284 nodes and 6558 edges,True
205,Graph with 1824 nodes and 3243 edges,True
206,Graph with 4450 nodes and 6869 edges,True
207,Graph with 4198 nodes and 7346 edges,True
208,Graph with 3890 nodes and 9797 edges,True
209,Graph with 1360 nodes and 2135 edges,True
210,Graph with 4170 nodes and 7623 edges,True
211,Graph with 908 nodes and 1250 edges,True
212,Graph with 2642 nodes and 4396 edges,True
213,Graph with 3520 nodes and 9537 edges,True
214,Graph with 3850 nodes and 8927 edges,True
215,Graph with 4848 nodes and 11155 edges,True
216,Graph with 3066 nodes and 5873 edges,True
217,Graph with 1524 nodes and 2666 edges,True
218,Graph with 4190 nodes and 12434 edges,True
219,Graph with 3968 nodes and 6523 edges,True
220,Graph with 1722 nodes and 2444 edges,True
221,Graph with 2962 nodes and 5489 edges,True
222,Graph with 1244 nodes and 1721 edges,True
223,Graph with 1602 nodes and 2831 edges,True
224,Graph with 3134 nodes and 6930 edges,True
225,Graph with 1318 nodes and 2036 edges,True
226,Graph with 4036 nodes and 11830 edges,True
227,Graph with 2380 nodes and 3929 edges,True
228,Graph with 4414 nodes and 13110 edges,True
229,Graph with 2724 nodes and 3982 edges,True
230,Graph with 2828 nodes and 5514 edges,True
231,Graph with 776 nodes and 1076 edges,True
232,Graph with 3650 nodes and 10072 edges,True
233,Graph with 2652 nodes and 5822 edges,True
234,Graph with 1920 nodes and 3738 edges,True
235,Graph with 3700 nodes and 8036 edges,True
236,Graph with 2706 nodes and 3982 edges,True
237,Graph with 738 nodes and 950 edges,False
238,Graph with 2852 nodes and 3962 edges,False
239,Graph with 632 nodes and 681 edges,False
240,Graph with 106 nodes and 105 edges,False
241,Graph with 4644 nodes and 5806 edges,False
242,Graph with 1500 nodes and 1903 edges,False
243,Graph with 260 nodes and 281 edges,False
244,Graph with 2380 nodes and 2708 edges,False
245,Graph with 954 nodes and 1197 edges,False
246,Graph with 2158 nodes and 2936 edges,False
247,Graph with 1118 nodes and 1206 edges,False
248,Graph with 3194 nodes and 4474 edges,False
249,Graph with 2650 nodes and 2991 edges,False
250,Graph with 670 nodes and 734 edges,False
251,Graph with 924 nodes and 1042 edges,False
252,Graph with 4660 nodes and 6026 edges,False
253,Graph with 1184 nodes and 1439 edges,False
254,Graph with 3166 nodes and 3333 edges,False
255,Graph with 674 nodes and 762 edges,False
256,Graph with 3688 nodes and 5201 edges,False
257,Graph with 2532 nodes and 3424 edges,False
258,Graph with 1764 nodes and 2301 edges,False
259,Graph with 304 nodes and 345 edges,False
260,Graph with 3036 nodes and 4194 edges,False
261,Graph with 2080 nodes and 2758 edges,False
262,Graph with 2224 nodes and 2268 edges,False
263,Graph with 248 nodes and 251 edges,False
264,Graph with 412 nodes and 431 edges,False
265,Graph with 148 nodes and 153 edges,False
266,Graph with 356 nodes and 416 edges,False
267,Graph with 4258 nodes and 4419 edges,False
268,Graph with 698 nodes and 880 edges,False
269,Graph with 326 nodes and 378 edges,False
270,Graph with 2432 nodes and 2924 edges,False
271,Graph with 620 nodes and 654 edges,False
272,Graph with 2598 nodes and 2681 edges,False
273,Graph with 964 nodes and 1041 edges,False
274,Graph with 116 nodes and 117 edges,False
275,Graph with 4286 nodes and 5632 edges,False
276,Graph with 1256 nodes and 1361 edges,False
277,Graph with 366 nodes and 391 edges,False
278,Graph with 440 nodes and 477 edges,False
279,Graph with 142 nodes and 141 edges,False
280,Graph with 1906 nodes and 2114 edges,False
281,Graph with 364 nodes and 433 edges,False
282,Graph with 1840 nodes and 2647 edges,False
283,Graph with 532 nodes and 610 edges,False
284,Graph with 582 nodes and 596 edges,False
285,Graph with 1110 nodes and 1296 edges,False
286,Graph with 504 nodes and 616 edges,False
287,Graph with 606 nodes and 715 edges,False
288,Graph with 910 nodes and 1185 edges,False
289,Graph with 1038 nodes and 1408 edges,False
290,Graph with 1256 nodes and 1503 edges,False
291,Graph with 666 nodes and 711 edges,False
292,Graph with 326 nodes and 325 edges,False
293,Graph with 3226 nodes and 3322 edges,False
294,Graph with 682 nodes and 698 edges,False
295,Graph with 3844 nodes and 4910 edges,False
296,Graph with 2036 nodes and 2522 edges,False
297,Graph with 4364 nodes and 6463 edges,False
298,Graph with 1522 nodes and 1905 edges,False
299,Graph with 1012 nodes and 1095 edges,False
300,Graph with 2748 nodes and 6117 edges,True
301,Graph with 2098 nodes and 3735 edges,True
302,Graph with 3534 nodes and 6207 edges,True
303,Graph with 4160 nodes and 10101 edges,True
304,Graph with 4494 nodes and 12999 edges,True
305,Graph with 1028 nodes and 1577 edges,True
306,Graph with 4536 nodes and 10141 edges,True
307,Graph with 4680 nodes and 12127 edges,True
308,Graph with 4698 nodes and 14841 edges,True
309,Graph with 3706 nodes and 9252 edges,True
310,Graph with 562 nodes and 685 edges,True
311,Graph with 1972 nodes and 3546 edges,True
312,Graph with 1684 nodes and 2939 edges,True
313,Graph with 2640 nodes and 4949 edges,True
314,Graph with 2702 nodes and 4568 edges,True
315,Graph with 2400 nodes and 5286 edges,True
316,Graph with 4438 nodes and 11917 edges,True
317,Graph with 3672 nodes and 5973 edges,True
318,Graph with 4148 nodes and 6330 edges,True
319,Graph with 3472 nodes and 6974 edges,True
320,Graph with 2986 nodes and 6848 edges,True
321,Graph with 3150 nodes and 5634 edges,True
322,Graph with 3232 nodes and 5776 edges,True
323,Graph with 3450 nodes and 8435 edges,True
324,Graph with 2192 nodes and 3642 edges,True
325,Graph with 4736 nodes and 7754 edges,True
326,Graph with 3262 nodes and 7189 edges,True
327,Graph with 3932 nodes and 7012 edges,True
328,Graph with 3636 nodes and 7797 edges,True
329,Graph with 3200 nodes and 8195 edges,True
330,Graph with 3558 nodes and 5266 edges,True
331,Graph with 2944 nodes and 4712 edges,True
332,Graph with 4750 nodes and 8621 edges,True
333,Graph with 2328 nodes and 4138 edges,True
334,Graph with 3274 nodes and 5887 edges,True
335,Graph with 4548 nodes and 9987 edges,True
336,Graph with 4026 nodes and 6444 edges,True
337,Graph with 1462 nodes and 2150 edges,True
338,Graph with 2752 nodes and 4821 edges,True
339,Graph with 2886 nodes and 5376 edges,True
340,Graph with 792 nodes and 1070 edges,True
341,Graph with 2796 nodes and 5815 edges,True
342,Graph with 4868 nodes and 8086 edges,True
343,Graph with 3062 nodes and 6492 edges,True
344,Graph with 2576 nodes and 5453 edges,True
345,Graph with 3226 nodes and 7335 edges,True
346,Graph with 2794 nodes and 4733 edges,True
347,Graph with 2582 nodes and 4079 edges,True
348,Graph with 1482 nodes and 2434 edges,True
349,Graph with 4250 nodes and 6830 edges,True
350,Graph with 4014 nodes and 9570 edges,True
351,Graph with 4188 nodes and 10744 edges,True
352,Graph with 3802 nodes and 10475 edges,True
353,Graph with 1096 nodes and 1503 edges,True
354,Graph with 2188 nodes and 3098 edges,True
355,Graph with 4228 nodes and 7415 edges,True
356,Graph with 2326 nodes and 3531 edges,True
357,Graph with 3542 nodes and 7604 edges,True
358,Graph with 2446 nodes and 3595 edges,True
359,Graph with 2862 nodes and 6762 edges,True
360,Graph with 2712 nodes and 6223 edges,True
361,Graph with 4312 nodes and 11447 edges,True
362,Graph with 4770 nodes and 7528 edges,True
363,Graph with 2154 nodes and 3654 edges,True
364,Graph with 1826 nodes and 2883 edges,True
365,Graph with 1398 nodes and 2216 edges,True
366,Graph with 4592 nodes and 8862 edges,True
367,Graph with 1918 nodes and 3044 edges,True
368,Graph with 4742 nodes and 12174 edges,True
369,Graph with 3472 nodes and 5277 edges,True
370,Graph with 2884 nodes and 4591 edges,True
371,Graph with 1602 nodes and 2424 edges,True
372,Graph with 4414 nodes and 7997 edges,True
373,Graph with 3070 nodes and 4997 edges,True
374,Graph with 4468 nodes and 13793 edges,True
375,Graph with 4578 nodes and 10135 edges,True
376,Graph with 4334 nodes and 10273 edges,True
377,Graph with 4800 nodes and 9745 edges,True
378,Graph with 4514 nodes and 7201 edges,True
379,Graph with 2252 nodes and 3262 edges,True
380,Graph with 2242 nodes and 3431 edges,True
381,Graph with 2498 nodes and 4955 edges,True
382,Graph with 3604 nodes and 7308 edges,True
383,Graph with 4754 nodes and 7717 edges,True
384,Graph with 4886 nodes and 9863 edges,True
385,Graph with 2778 nodes and 3927 edges,True
386,Graph with 2376 nodes and 3745 edges,True
387,Graph with 2570 nodes and 3774 edges,True
388,Graph with 3026 nodes and 5688 edges,True
389,Graph with 1714 nodes and 3045 edges,True
390,Graph with 1472 nodes and 2374 edges,True
391,Graph with 4598 nodes and 9829 edges,True
392,Graph with 2708 nodes and 6064 edges,True
393,Graph with 522 nodes and 611 edges,False
394,Graph with 592 nodes and 704 edges,False
395,Graph with 1510 nodes and 1900 edges,False
396,Graph with 4048 nodes and 5004 edges,False
397,Graph with 2064 nodes and 2340 edges,False
398,Graph with 316 nodes and 360 edges,False
399,Graph with 404 nodes and 448 edges,False
400,Graph with 2490 nodes and 3374 edges,False
401,Graph with 2770 nodes and 3381 edges,False
402,Graph with 136 nodes and 143 edges,False
403,Graph with 120 nodes and 119 edges,False
404,Graph with 4890 nodes and 5258 edges,False
405,Graph with 1800 nodes and 1978 edges,False
406,Graph with 534 nodes and 583 edges,False
407,Graph with 4420 nodes and 6027 edges,False
408,Graph with 4638 nodes and 5936 edges,False
409,Graph with 1772 nodes and 2153 edges,False
410,Graph with 4484 nodes and 6276 edges,False
411,Graph with 4312 nodes and 4455 edges,False
412,Graph with 622 nodes and 702 edges,False
413,Graph with 180 nodes and 191 edges,False
414,Graph with 536 nodes and 612 edges,False
415,Graph with 4138 nodes and 4660 edges,False
416,Graph with 2112 nodes and 2727 edges,False
417,Graph with 3026 nodes and 3298 edges,False
418,Graph with 1264 nodes and 1588 edges,False
419,Graph with 266 nodes and 290 edges,False
420,Graph with 1674 nodes and 2009 edges,False
421,Graph with 3084 nodes and 3604 edges,False
422,Graph with 1760 nodes and 2350 edges,False
423,Graph with 1210 nodes and 1353 edges,False
424,Graph with 272 nodes and 286 edges,False
425,Graph with 110 nodes and 115 edges,False
426,Graph with 1634 nodes and 1813 edges,False
427,Graph with 610 nodes and 733 edges,False
428,Graph with 970 nodes and 1006 edges,False
429,Graph with 3892 nodes and 4244 edges,False
430,Graph with 3118 nodes and 3600 edges,False
431,Graph with 3612 nodes and 4603 edges,False
432,Graph with 618 nodes and 673 edges,False
433,Graph with 2352 nodes and 2665 edges,False
434,Graph with 194 nodes and 206 edges,False
435,Graph with 272 nodes and 300 edges,False
436,Graph with 456 nodes and 481 edges,False
437,Graph with 1386 nodes and 1534 edges,False
438,Graph with 944 nodes and 980 edges,False
439,Graph with 2464 nodes and 3403 edges,False
440,Graph with 2560 nodes and 3188 edges,False
441,Graph with 3860 nodes and 5606 edges,False
442,Graph with 1644 nodes and 2113 edges,False
443,Graph with 4134 nodes and 6318 edges,False
444,Graph with 802 nodes and 1022 edges,False
445,Graph with 4346 nodes and 4752 edges,False
446,Graph with 2048 nodes and 2685 edges,False
447,Graph with 632 nodes and 684 edges,False
448,Graph with 192 nodes and 197 edges,False
449,Graph with 4692 nodes and 6177 edges,False
450,Graph with 4538 nodes and 13482 edges,True
451,Graph with 4688 nodes and 9025 edges,True
452,Graph with 1200 nodes and 1803 edges,True
453,Graph with 3672 nodes and 6084 edges,True
454,Graph with 4044 nodes and 9118 edges,True
455,Graph with 1372 nodes and 2206 edges,True
456,Graph with 2200 nodes and 4205 edges,True
457,Graph with 2814 nodes and 5051 edges,True
458,Graph with 4702 nodes and 14438 edges,True
459,Graph with 3836 nodes and 10558 edges,True
460,Graph with 4368 nodes and 12363 edges,True
461,Graph with 4484 nodes and 12993 edges,True
462,Graph with 4422 nodes and 10299 edges,True
463,Graph with 850 nodes and 1155 edges,True
464,Graph with 4500 nodes and 12074 edges,True
465,Graph with 1620 nodes and 2870 edges,True
466,Graph with 2592 nodes and 4657 edges,True
467,Graph with 2552 nodes and 5271 edges,True
468,Graph with 1690 nodes and 2340 edges,True
469,Graph with 4026 nodes and 6555 edges,True
470,Graph with 4096 nodes and 7517 edges,True
471,Graph with 2200 nodes and 3553 edges,True
472,Graph with 706 nodes and 923 edges,True
473,Graph with 4614 nodes and 11951 edges,True
474,Graph with 2896 nodes and 6399 edges,True
475,Graph with 3586 nodes and 7821 edges,True
476,Graph with 4076 nodes and 10787 edges,True
477,Graph with 2280 nodes and 3335 edges,True
478,Graph with 770 nodes and 1017 edges,True
479,Graph with 4756 nodes and 10839 edges,True
480,Graph with 4714 nodes and 9116 edges,True
481,Graph with 2914 nodes and 6444 edges,True
482,Graph with 2296 nodes and 3756 edges,True
483,Graph with 4510 nodes and 7620 edges,True
484,Graph with 1844 nodes and 2839 edges,True
485,Graph with 4136 nodes and 11356 edges,True
486,Graph with 836 nodes and 1133 edges,True
487,Graph with 3974 nodes and 7940 edges,True
488,Graph with 512 nodes and 621 edges,True
489,Graph with 3886 nodes and 10112 edges,True
490,Graph with 2432 nodes and 4205 edges,True
491,Graph with 4864 nodes and 16012 edges,True
492,Graph with 4360 nodes and 8705 edges,True
493,Graph with 1342 nodes and 2005 edges,True
494,Graph with 3312 nodes and 6329 edges,True
495,Graph with 2312 nodes and 4247 edges,True
496,Graph with 2470 nodes and 3869 edges,True
497,Graph with 1030 nodes and 1506 edges,True
498,Graph with 4524 nodes and 13594 edges,True
499,Graph with 2128 nodes and 3583 edges,True
500,Graph with 1868 nodes and 3187 edges,True
501,Graph with 2546 nodes and 4181 edges,True
502,Graph with 1814 nodes and 3218 edges,True
503,Graph with 4750 nodes and 8995 edges,True
504,Graph with 1224 nodes and 1790 edges,True
505,Graph with 1148 nodes and 1720 edges,True
506,Graph with 1490 nodes and 2298 edges,True
507,Graph with 2142 nodes and 3418 edges,True
508,Graph with 3324 nodes and 5413 edges,True
509,Graph with 3272 nodes and 6759 edges,True
510,Graph with 3584 nodes and 7561 edges,True
511,Graph with 4326 nodes and 9770 edges,True
512,Graph with 3878 nodes and 10498 edges,True
513,Graph with 4194 nodes and 9324 edges,True
514,Graph with 3518 nodes and 8344 edges,True
515,Graph with 3890 nodes and 6651 edges,True
516,Graph with 4712 nodes and 10550 edges,True
517,Graph with 2350 nodes and 4309 edges,True
518,Graph with 4098 nodes and 11284 edges,True
519,Graph with 1016 nodes and 1338 edges,True
520,Graph with 4542 nodes and 13117 edges,True
521,Graph with 4314 nodes and 10239 edges,True
522,Graph with 2070 nodes and 3867 edges,True
523,Graph with 1844 nodes and 2765 edges,True
524,Graph with 1938 nodes and 3503 edges,True
525,Graph with 160 nodes and 163 edges,False
526,Graph with 4700 nodes and 4885 edges,False
527,Graph with 732 nodes and 942 edges,False
528,Graph with 978 nodes and 1039 edges,False
529,Graph with 1298 nodes and 1450 edges,False
530,Graph with 444 nodes and 493 edges,False
531,Graph with 472 nodes and 527 edges,False
532,Graph with 824 nodes and 928 edges,False
533,Graph with 2118 nodes and 2245 edges,False
534,Graph with 3446 nodes and 4592 edges,False
535,Graph with 3580 nodes and 4060 edges,False
536,Graph with 1238 nodes and 1398 edges,False
537,Graph with 3206 nodes and 5149 edges,False
538,Graph with 2030 nodes and 2533 edges,False
539,Graph with 1224 nodes and 1609 edges,False
540,Graph with 3844 nodes and 4742 edges,False
541,Graph with 1536 nodes and 1827 edges,False
542,Graph with 4648 nodes and 7068 edges,False
543,Graph with 572 nodes and 715 edges,False
544,Graph with 3440 nodes and 4681 edges,False
545,Graph with 3316 nodes and 3887 edges,False
546,Graph with 162 nodes and 164 edges,False
547,Graph with 592 nodes and 662 edges,False
548,Graph with 468 nodes and 576 edges,False
549,Graph with 2830 nodes and 3143 edges,False
550,Graph with 1660 nodes and 2349 edges,False
551,Graph with 876 nodes and 967 edges,False
552,Graph with 398 nodes and 466 edges,False
553,Graph with 572 nodes and 682 edges,False
554,Graph with 782 nodes and 807 edges,False
555,Graph with 4706 nodes and 6302 edges,False
556,Graph with 2000 nodes and 2272 edges,False
557,Graph with 1032 nodes and 1262 edges,False
558,Graph with 2432 nodes and 2841 edges,False
559,Graph with 598 nodes and 629 edges,False
560,Graph with 1990 nodes and 2419 edges,False
561,Graph with 3514 nodes and 3982 edges,False
562,Graph with 4864 nodes and 5624 edges,False
563,Graph with 1790 nodes and 2224 edges,False
564,Graph with 2400 nodes and 3670 edges,False
565,Graph with 4890 nodes and 7355 edges,False
566,Graph with 358 nodes and 422 edges,False
567,Graph with 336 nodes and 340 edges,False
568,Graph with 282 nodes and 303 edges,False
569,Graph with 3330 nodes and 4913 edges,False
570,Graph with 2704 nodes and 3137 edges,False
571,Graph with 1538 nodes and 2021 edges,False
572,Graph with 230 nodes and 233 edges,False
573,Graph with 2426 nodes and 3216 edges,False
574,Graph with 3064 nodes and 3692 edges,False
575,Graph with 1010 nodes and 1248 edges,False
576,Graph with 2964 nodes and 3124 edges,False
577,Graph with 714 nodes and 729 edges,False
578,Graph with 2658 nodes and 3863 edges,False
579,Graph with 3246 nodes and 4605 edges,False
580,Graph with 4124 nodes and 5373 edges,False
581,Graph with 4852 nodes and 6790 edges,False
582,Graph with 2982 nodes and 4327 edges,False
583,Graph with 2650 nodes and 3087 edges,False
584,Graph with 1922 nodes and 1974 edges,False
585,Graph with 1922 nodes and 2546 edges,False
586,Graph with 156 nodes and 161 edges,False
587,Graph with 2048 nodes and 2101 edges,False
588,Graph with 1296 nodes and 1649 edges,False
589,Graph with 1264 nodes and 1416 edges,False
590,Graph with 3574 nodes and 3591 edges,False
591,Graph with 1702 nodes and 2159 edges,False
592,Graph with 420 nodes and 493 edges,False
593,Graph with 4992 nodes and 5915 edges,False
594,Graph with 2978 nodes and 3825 edges,False
595,Graph with 564 nodes and 713 edges,False
596,Graph with 528 nodes and 662 edges,False
597,Graph with 732 nodes and 855 edges,False
598,Graph with 1580 nodes and 2001 edges,False
599,Graph with 520 nodes and 545 edges,False
600,Graph with 2074 nodes and 3827 edges,True
601,Graph with 4252 nodes and 9848 edges,True
602,Graph with 2500 nodes and 5174 edges,True
603,Graph with 3794 nodes and 10507 edges,True
604,Graph with 2934 nodes and 6875 edges,True
605,Graph with 2574 nodes and 4890 edges,True
606,Graph with 4292 nodes and 9252 edges,True
607,Graph with 4450 nodes and 9305 edges,True
608,Graph with 4558 nodes and 7832 edges,True
609,Graph with 4042 nodes and 11539 edges,True
610,Graph with 1660 nodes and 2422 edges,True
611,Graph with 4056 nodes and 9550 edges,True
612,Graph with 4654 nodes and 14174 edges,True
613,Graph with 3818 nodes and 7773 edges,True
614,Graph with 4596 nodes and 13315 edges,True
615,Graph with 4718 nodes and 11697 edges,True
616,Graph with 2594 nodes and 5635 edges,True
617,Graph with 2516 nodes and 5295 edges,True
618,Graph with 1842 nodes and 2700 edges,True
619,Graph with 4480 nodes and 10521 edges,True
620,Graph with 2054 nodes and 3060 edges,True
621,Graph with 2002 nodes and 3733 edges,True
622,Graph with 2272 nodes and 4460 edges,True
623,Graph with 1856 nodes and 3252 edges,True
624,Graph with 3232 nodes and 8200 edges,True
625,Graph with 4458 nodes and 7200 edges,True
626,Graph with 2642 nodes and 5055 edges,True
627,Graph with 3928 nodes and 8035 edges,True
628,Graph with 2532 nodes and 3931 edges,True
629,Graph with 4222 nodes and 9412 edges,True
630,Graph with 3118 nodes and 7698 edges,True
631,Graph with 2628 nodes and 5398 edges,True
632,Graph with 1928 nodes and 3301 edges,True
633,Graph with 4872 nodes and 9289 edges,True
634,Graph with 2532 nodes and 4618 edges,True
635,Graph with 4354 nodes and 11783 edges,True
636,Graph with 4604 nodes and 13959 edges,True
637,Graph with 1664 nodes and 3087 edges,True
638,Graph with 2684 nodes and 5879 edges,True
639,Graph with 1454 nodes and 2348 edges,True
640,Graph with 4184 nodes and 6337 edges,True
641,Graph with 3910 nodes and 9538 edges,True
642,Graph with 424 nodes and 506 edges,True
643,Graph with 3418 nodes and 6086 edges,True
644,Graph with 2246 nodes and 3966 edges,True
645,Graph with 4470 nodes and 10856 edges,True
646,Graph with 4516 nodes and 13105 edges,True
647,Graph with 4434 nodes and 11600 edges,True
648,Graph with 4318 nodes and 11037 edges,True
649,Graph with 2300 nodes and 4744 edges,True
650,Graph with 3084 nodes and 7329 edges,True
651,Graph with 2348 nodes and 4330 edges,True
652,Graph with 842 nodes and 1173 edges,True
653,Graph with 2382 nodes and 3750 edges,True
654,Graph with 2090 nodes and 3122 edges,True
655,Graph with 4518 nodes and 10179 edges,True
656,Graph with 1396 nodes and 2205 edges,True
657,Graph with 4904 nodes and 16294 edges,True
658,Graph with 2642 nodes and 3869 edges,True
659,Graph with 1508 nodes and 2076 edges,True
660,Graph with 1244 nodes and 1759 edges,True
661,Graph with 4428 nodes and 13844 edges,True
662,Graph with 4670 nodes and 10251 edges,True
663,Graph with 3512 nodes and 6109 edges,True
664,Graph with 4668 nodes and 11021 edges,True
665,Graph with 4968 nodes and 15922 edges,True
666,Graph with 2244 nodes and 3695 edges,True
667,Graph with 2586 nodes and 5361 edges,True
668,Graph with 4372 nodes and 13039 edges,True
669,Graph with 2110 nodes and 3730 edges,True
670,Graph with 4124 nodes and 11876 edges,True
671,Graph with 3314 nodes and 7484 edges,True
672,Graph with 2310 nodes and 4850 edges,True
673,Graph with 3482 nodes and 7786 edges,True
674,Graph with 1502 nodes and 2336 edges,True
675,Graph with 4274 nodes and 10337 edges,True
676,Graph with 2628 nodes and 4992 edges,True
677,Graph with 4534 nodes and 13352 edges,True
678,Graph with 3172 nodes and 5237 edges,True
679,Graph with 2882 nodes and 4655 edges,True
680,Graph with 4468 nodes and 13703 edges,True
681,Graph with 3198 nodes and 7375 edges,True
682,Graph with 3830 nodes and 10678 edges,True
683,Graph with 3852 nodes and 6149 edges,True
684,Graph with 3524 nodes and 7478 edges,True
685,Graph with 2304 nodes and 3554 edges,True
686,Graph with 294 nodes and 327 edges,True
687,Graph with 1928 nodes and 3731 edges,True
688,Graph with 3938 nodes and 7798 edges,True
689,Graph with 1704 nodes and 2587 edges,True
690,Graph with 3138 nodes and 5267 edges,True
691,Graph with 158 nodes and 158 edges,False
692,Graph with 178 nodes and 181 edges,False
693,Graph with 4128 nodes and 4717 edges,False
694,Graph with 4324 nodes and 6315 edges,False
695,Graph with 1080 nodes and 1297 edges,False
696,Graph with 1650 nodes and 2055 edges,False
697,Graph with 1062 nodes and 1395 edges,False
698,Graph with 106 nodes and 108 edges,False
699,Graph with 988 nodes and 1071 edges,False
700,Graph with 552 nodes and 612 edges,False
701,Graph with 3640 nodes and 5252 edges,False
702,Graph with 1056 nodes and 1187 edges,False
703,Graph with 1874 nodes and 2083 edges,False
704,Graph with 1410 nodes and 1704 edges,False
705,Graph with 2638 nodes and 3711 edges,False
706,Graph with 324 nodes and 381 edges,False
707,Graph with 4284 nodes and 6845 edges,False
708,Graph with 1932 nodes and 2496 edges,False
709,Graph with 1622 nodes and 2129 edges,False
710,Graph with 3206 nodes and 4376 edges,False
711,Graph with 436 nodes and 452 edges,False
712,Graph with 3702 nodes and 4716 edges,False
713,Graph with 532 nodes and 638 edges,False
714,Graph with 862 nodes and 889 edges,False
715,Graph with 1270 nodes and 1555 edges,False
716,Graph with 3682 nodes and 4831 edges,False
717,Graph with 424 nodes and 427 edges,False
718,Graph with 390 nodes and 422 edges,False
719,Graph with 4458 nodes and 5396 edges,False
720,Graph with 1052 nodes and 1140 edges,False
721,Graph with 2806 nodes and 4355 edges,False
722,Graph with 3764 nodes and 4375 edges,False
723,Graph with 328 nodes and 351 edges,False
724,Graph with 2728 nodes and 2818 edges,False
725,Graph with 484 nodes and 601 edges,False
726,Graph with 140 nodes and 144 edges,False
727,Graph with 3970 nodes and 4850 edges,False
728,Graph with 3148 nodes and 4151 edges,False
729,Graph with 484 nodes and 535 edges,False
730,Graph with 1258 nodes and 1862 edges,False
731,Graph with 1992 nodes and 2657 edges,False
732,Graph with 1228 nodes and 1788 edges,False
733,Graph with 1064 nodes and 1120 edges,False
734,Graph with 4136 nodes and 4439 edges,False
735,Graph with 1856 nodes and 1964 edges,False
736,Graph with 2460 nodes and 3454 edges,False
737,Graph with 3380 nodes and 4050 edges,False
738,Graph with 3766 nodes and 5336 edges,False
739,Graph with 1882 nodes and 2365 edges,False
740,Graph with 4468 nodes and 6072 edges,False
741,Graph with 3956 nodes and 4052 edges,False
742,Graph with 412 nodes and 476 edges,False
743,Graph with 1330 nodes and 1665 edges,False
744,Graph with 836 nodes and 930 edges,False
745,Graph with 1428 nodes and 1864 edges,False
746,Graph with 2196 nodes and 2625 edges,False
747,Graph with 1700 nodes and 1923 edges,False
748,Graph with 1882 nodes and 2482 edges,False
749,Graph with 418 nodes and 464 edges,False
750,Graph with 2068 nodes and 3475 edges,True
751,Graph with 3056 nodes and 5736 edges,True
752,Graph with 4764 nodes and 11825 edges,True
753,Graph with 4638 nodes and 11813 edges,True
754,Graph with 4370 nodes and 7839 edges,True
755,Graph with 3504 nodes and 5088 edges,True
756,Graph with 3620 nodes and 9366 edges,True
757,Graph with 2980 nodes and 5936 edges,True
758,Graph with 1538 nodes and 2447 edges,True
759,Graph with 1264 nodes and 1726 edges,True
760,Graph with 3990 nodes and 11742 edges,True
761,Graph with 4574 nodes and 11919 edges,True
762,Graph with 404 nodes and 483 edges,True
763,Graph with 3006 nodes and 5460 edges,True
764,Graph with 4920 nodes and 10824 edges,True
765,Graph with 4866 nodes and 12095 edges,True
766,Graph with 1268 nodes and 1881 edges,True
767,Graph with 2088 nodes and 3598 edges,True
768,Graph with 3732 nodes and 8150 edges,True
769,Graph with 3518 nodes and 8286 edges,True
770,Graph with 2498 nodes and 3673 edges,True
771,Graph with 3488 nodes and 6806 edges,True
772,Graph with 2354 nodes and 4687 edges,True
773,Graph with 1716 nodes and 2596 edges,True
774,Graph with 2826 nodes and 5790 edges,True
775,Graph with 978 nodes and 1361 edges,True
776,Graph with 1262 nodes and 2025 edges,True
777,Graph with 2310 nodes and 4494 edges,True
778,Graph with 2714 nodes and 5922 edges,True
779,Graph with 4736 nodes and 12644 edges,True
780,Graph with 3346 nodes and 8393 edges,True
781,Graph with 4238 nodes and 7930 edges,True
782,Graph with 1014 nodes and 1347 edges,True
783,Graph with 2926 nodes and 4602 edges,True
784,Graph with 1246 nodes and 1896 edges,True
785,Graph with 4588 nodes and 14917 edges,True
786,Graph with 3192 nodes and 7749 edges,True
787,Graph with 4584 nodes and 12171 edges,True
788,Graph with 2704 nodes and 5554 edges,True
789,Graph with 4704 nodes and 11451 edges,True
790,Graph with 1256 nodes and 1719 edges,True
791,Graph with 910 nodes and 1224 edges,True
792,Graph with 2684 nodes and 5635 edges,True
793,Graph with 3814 nodes and 10115 edges,True
794,Graph with 1506 nodes and 2612 edges,True
795,Graph with 2148 nodes and 3244 edges,True
796,Graph with 3376 nodes and 5726 edges,True
797,Graph with 3602 nodes and 8455 edges,True
798,Graph with 3986 nodes and 6182 edges,True
799,Graph with 4320 nodes and 13555 edges,True
800,Graph with 3228 nodes and 7587 edges,True
801,Graph with 4452 nodes and 8944 edges,True
802,Graph with 1764 nodes and 3169 edges,True
803,Graph with 3770 nodes and 10784 edges,True
804,Graph with 3284 nodes and 7611 edges,True
805,Graph with 3674 nodes and 6196 edges,True
806,Graph with 4898 nodes and 11888 edges,True
807,Graph with 2886 nodes and 5864 edges,True
808,Graph with 4834 nodes and 11467 edges,True
809,Graph with 4234 nodes and 9269 edges,True
810,Graph with 4314 nodes and 10752 edges,True
811,Graph with 3198 nodes and 7146 edges,True
812,Graph with 3100 nodes and 7588 edges,True
813,Graph with 2458 nodes and 4194 edges,True
814,Graph with 4130 nodes and 11880 edges,True
815,Graph with 3396 nodes and 5328 edges,True
816,Graph with 4844 nodes and 13118 edges,True
817,Graph with 2452 nodes and 3899 edges,True
818,Graph with 1000 nodes and 1271 edges,True
819,Graph with 4254 nodes and 6408 edges,True
820,Graph with 3940 nodes and 11031 edges,True
821,Graph with 3658 nodes and 5759 edges,True
822,Graph with 3802 nodes and 9370 edges,True
823,Graph with 4116 nodes and 11746 edges,True
824,Graph with 2598 nodes and 5638 edges,True
825,Graph with 3978 nodes and 7187 edges,True
826,Graph with 1000 nodes and 1438 edges,True
827,Graph with 1022 nodes and 1453 edges,True
828,Graph with 3372 nodes and 8708 edges,True
829,Graph with 3236 nodes and 3780 edges,False
830,Graph with 4234 nodes and 4672 edges,False
831,Graph with 778 nodes and 963 edges,False
832,Graph with 2096 nodes and 2775 edges,False
833,Graph with 3960 nodes and 4564 edges,False
834,Graph with 842 nodes and 883 edges,False
835,Graph with 738 nodes and 793 edges,False
836,Graph with 658 nodes and 762 edges,False
837,Graph with 1038 nodes and 1047 edges,False
838,Graph with 1062 nodes and 1339 edges,False
839,Graph with 1982 nodes and 2927 edges,False
840,Graph with 1028 nodes and 1352 edges,False
841,Graph with 680 nodes and 828 edges,False
842,Graph with 570 nodes and 664 edges,False
843,Graph with 1448 nodes and 1461 edges,False
844,Graph with 1218 nodes and 1469 edges,False
845,Graph with 1720 nodes and 1811 edges,False
846,Graph with 126 nodes and 134 edges,False
847,Graph with 148 nodes and 155 edges,False
848,Graph with 786 nodes and 946 edges,False
849,Graph with 612 nodes and 663 edges,False
850,Graph with 3210 nodes and 4016 edges,False
851,Graph with 3234 nodes and 4131 edges,False
852,Graph with 212 nodes and 217 edges,False
853,Graph with 160 nodes and 171 edges,False
854,Graph with 2132 nodes and 2703 edges,False
855,Graph with 604 nodes and 612 edges,False
856,Graph with 2778 nodes and 4008 edges,False
857,Graph with 1832 nodes and 1884 edges,False
858,Graph with 3532 nodes and 4406 edges,False
859,Graph with 2646 nodes and 3344 edges,False
860,Graph with 832 nodes and 883 edges,False
861,Graph with 106 nodes and 106 edges,False
862,Graph with 338 nodes and 360 edges,False
863,Graph with 448 nodes and 479 edges,False
864,Graph with 1706 nodes and 1927 edges,False
865,Graph with 730 nodes and 792 edges,False
866,Graph with 1912 nodes and 2401 edges,False
867,Graph with 726 nodes and 914 edges,False
868,Graph with 2512 nodes and 2547 edges,False
869,Graph with 564 nodes and 608 edges,False
870,Graph with 350 nodes and 376 edges,False
871,Graph with 3874 nodes and 4453 edges,False
872,Graph with 1258 nodes and 1746 edges,False
873,Graph with 1018 nodes and 1255 edges,False
874,Graph with 414 nodes and 431 edges,False
875,Graph with 534 nodes and 567 edges,False
876,Graph with 414 nodes and 455 edges,False
877,Graph with 418 nodes and 450 edges,False
878,Graph with 438 nodes and 511 edges,False
879,Graph with 3716 nodes and 3837 edges,False
880,Graph with 326 nodes and 357 edges,False
881,Graph with 3576 nodes and 3901 edges,False
882,Graph with 1856 nodes and 2133 edges,False
883,Graph with 1550 nodes and 1811 edges,False
884,Graph with 148 nodes and 150 edges,False
885,Graph with 2226 nodes and 3096 edges,False
886,Graph with 2418 nodes and 3225 edges,False
887,Graph with 3208 nodes and 3806 edges,False
888,Graph with 708 nodes and 914 edges,False
889,Graph with 184 nodes and 192 edges,False
890,Graph with 684 nodes and 708 edges,False
891,Graph with 2860 nodes and 3178 edges,False
892,Graph with 1060 nodes and 1188 edges,False
893,Graph with 4708 nodes and 5030 edges,False
894,Graph with 708 nodes and 726 edges,False
895,Graph with 254 nodes and 253 edges,False
896,Graph with 3532 nodes and 4698 edges,False
897,Graph with 4440 nodes and 6971 edges,False
898,Graph with 898 nodes and 1059 edges,False
899,Graph with 4666 nodes and 4780 edges,False
900,Graph with 2330 nodes and 3149 edges,True
901,Graph with 696 nodes and 840 edges,True
902,Graph with 1312 nodes and 1838 edges,True
903,Graph with 2056 nodes and 3113 edges,True
904,Graph with 4614 nodes and 9370 edges,True
905,Graph with 3800 nodes and 10412 edges,True
906,Graph with 4108 nodes and 6959 edges,True
907,Graph with 2520 nodes and 5023 edges,True
908,Graph with 3916 nodes and 6636 edges,True
909,Graph with 3182 nodes and 6883 edges,True
910,Graph with 4404 nodes and 10047 edges,True
911,Graph with 3952 nodes and 8768 edges,True
912,Graph with 728 nodes and 928 edges,True
913,Graph with 1566 nodes and 2446 edges,True
914,Graph with 1644 nodes and 2396 edges,True
915,Graph with 3290 nodes and 6608 edges,True
916,Graph with 3436 nodes and 7436 edges,True
917,Graph with 3684 nodes and 6942 edges,True
918,Graph with 2562 nodes and 3803 edges,True
919,Graph with 4914 nodes and 12466 edges,True
920,Graph with 4210 nodes and 12301 edges,True
921,Graph with 3784 nodes and 7967 edges,True
922,Graph with 3500 nodes and 9303 edges,True
923,Graph with 3778 nodes and 6375 edges,True
924,Graph with 2856 nodes and 4640 edges,True
925,Graph with 2028 nodes and 3589 edges,True
926,Graph with 2518 nodes and 5141 edges,True
927,Graph with 3448 nodes and 8321 edges,True
928,Graph with 3602 nodes and 8892 edges,True
929,Graph with 4166 nodes and 9201 edges,True
930,Graph with 528 nodes and 661 edges,True
931,Graph with 3802 nodes and 8909 edges,True
932,Graph with 4872 nodes and 9421 edges,True
933,Graph with 1480 nodes and 2573 edges,True
934,Graph with 1268 nodes and 1865 edges,True
935,Graph with 3132 nodes and 6898 edges,True
936,Graph with 2344 nodes and 4564 edges,True
937,Graph with 3676 nodes and 6102 edges,True
938,Graph with 3294 nodes and 7889 edges,True
939,Graph with 2672 nodes and 5761 edges,True
940,Graph with 4158 nodes and 7103 edges,True
941,Graph with 1434 nodes and 2353 edges,True
942,Graph with 4808 nodes and 14635 edges,True
943,Graph with 3526 nodes and 6950 edges,True
944,Graph with 744 nodes and 1016 edges,True
945,Graph with 3704 nodes and 9019 edges,True
946,Graph with 3532 nodes and 8051 edges,True
947,Graph with 4380 nodes and 7806 edges,True
948,Graph with 1072 nodes and 1567 edges,True
949,Graph with 2912 nodes and 6094 edges,True
950,Graph with 4242 nodes and 11809 edges,True
951,Graph with 3016 nodes and 5035 edges,True
952,Graph with 2650 nodes and 5446 edges,True
953,Graph with 3274 nodes and 6049 edges,True
954,Graph with 3130 nodes and 4938 edges,True
955,Graph with 2976 nodes and 4817 edges,True
956,Graph with 4204 nodes and 8526 edges,True
957,Graph with 4796 nodes and 15306 edges,True
958,Graph with 2282 nodes and 3572 edges,True
959,Graph with 3934 nodes and 9212 edges,True
960,Graph with 3434 nodes and 8436 edges,True
961,Graph with 4932 nodes and 8656 edges,True
962,Graph with 1608 nodes and 2691 edges,True
963,Graph with 2388 nodes and 3969 edges,True
964,Graph with 2970 nodes and 5299 edges,True
965,Graph with 4316 nodes and 6831 edges,True
966,Graph with 4118 nodes and 10809 edges,True
967,Graph with 1994 nodes and 3618 edges,True
968,Graph with 2204 nodes and 4578 edges,True
969,Graph with 3300 nodes and 7457 edges,True
970,Graph with 1288 nodes and 1734 edges,True
971,Graph with 2936 nodes and 4757 edges,True
972,Graph with 1580 nodes and 2037 edges,False
973,Graph with 1820 nodes and 2622 edges,False
974,Graph with 200 nodes and 221 edges,False
975,Graph with 1696 nodes and 2323 edges,False
976,Graph with 628 nodes and 745 edges,False
977,Graph with 3260 nodes and 4249 edges,False
978,Graph with 242 nodes and 259 edges,False
979,Graph with 2008 nodes and 2322 edges,False
980,Graph with 1280 nodes and 1458 edges,False
981,Graph with 2066 nodes and 2865 edges,False
982,Graph with 1090 nodes and 1279 edges,False
983,Graph with 698 nodes and 870 edges,False
984,Graph with 148 nodes and 147 edges,False
985,Graph with 972 nodes and 1316 edges,False
986,Graph with 2334 nodes and 2343 edges,False
987,Graph with 1084 nodes and 1283 edges,False
988,Graph with 1182 nodes and 1395 edges,False
989,Graph with 3770 nodes and 4553 edges,False
990,Graph with 1392 nodes and 1826 edges,False
991,Graph with 2376 nodes and 2653 edges,False
992,Graph with 2526 nodes and 3326 edges,False
993,Graph with 162 nodes and 165 edges,False
994,Graph with 2586 nodes and 2645 edges,False
995,Graph with 2924 nodes and 4207 edges,False
996,Graph with 842 nodes and 974 edges,False
997,Graph with 352 nodes and 384 edges,False
998,Graph with 434 nodes and 484 edges,False
999,Graph with 4534 nodes and 6200 edges,False
1000,Graph with 2194 nodes and 2960 edges,False
1001,Graph with 3886 nodes and 5565 edges,False
1002,Graph with 840 nodes and 914 edges,False
1003,Graph with 560 nodes and 571 edges,False
1004,Graph with 1150 nodes and 1366 edges,False
1005,Graph with 1990 nodes and 2624 edges,False
1006,Graph with 1344 nodes and 1377 edges,False
1007,Graph with 4336 nodes and 7265 edges,False
1008,Graph with 2836 nodes and 3569 edges,False
1009,Graph with 1664 nodes and 1713 edges,False
1010,Graph with 796 nodes and 881 edges,False
1011,Graph with 1512 nodes and 1565 edges,False
1012,Graph with 4792 nodes and 5834 edges,False
1013,Graph with 1796 nodes and 2215 edges,False
1014,Graph with 1936 nodes and 2109 edges,False
1015,Graph with 410 nodes and 482 edges,False
1016,Graph with 1722 nodes and 1723 edges,False
1017,Graph with 350 nodes and 381 edges,False
1018,Graph with 2678 nodes and 3708 edges,False
1019,Graph with 918 nodes and 945 edges,False
1020,Graph with 3836 nodes and 3944 edges,False
1021,Graph with 1500 nodes and 1662 edges,False
1022,Graph with 1014 nodes and 1113 edges,False
1023,Graph with 2654 nodes and 2808 edges,False
1024,Graph with 548 nodes and 686 edges,False
1025,Graph with 734 nodes and 773 edges,False
1026,Graph with 4548 nodes and 4866 edges,False
1027,Graph with 2034 nodes and 2159 edges,False
1028,Graph with 252 nodes and 260 edges,False
1029,Graph with 1838 nodes and 2065 edges,False
1030,Graph with 3324 nodes and 4897 edges,False
1031,Graph with 282 nodes and 311 edges,False
1032,Graph with 3032 nodes and 4029 edges,False
1033,Graph with 330 nodes and 334 edges,False
1034,Graph with 3294 nodes and 3495 edges,False
1035,Graph with 958 nodes and 986 edges,False
1036,Graph with 4218 nodes and 6140 edges,False
1037,Graph with 356 nodes and 372 edges,False
1038,Graph with 1986 nodes and 1993 edges,False
1039,Graph with 212 nodes and 225 edges,False
1040,Graph with 436 nodes and 488 edges,False
1041,Graph with 1000 nodes and 1056 edges,False
1042,Graph with 1732 nodes and 2326 edges,False
1043,Graph with 4166 nodes and 4609 edges,False
1044,Graph with 2942 nodes and 4574 edges,False
1045,Graph with 1476 nodes and 1889 edges,False
1046,Graph with 712 nodes and 784 edges,False
1047,Graph with 1230 nodes and 1499 edges,False
1048,Graph with 2846 nodes and 3822 edges,False
1049,Graph with 4586 nodes and 5563 edges,False
1050,Graph with 3942 nodes and 8241 edges,True
1051,Graph with 4754 nodes and 15237 edges,True
1052,Graph with 2458 nodes and 4657 edges,True
1053,Graph with 3892 nodes and 9403 edges,True
1054,Graph with 3996 nodes and 8406 edges,True
1055,Graph with 2790 nodes and 4870 edges,True
1056,Graph with 952 nodes and 1323 edges,True
1057,Graph with 2680 nodes and 3974 edges,True
1058,Graph with 4242 nodes and 6275 edges,True
1059,Graph with 4840 nodes and 14767 edges,True
1060,Graph with 2026 nodes and 3868 edges,True
1061,Graph with 3028 nodes and 5370 edges,True
1062,Graph with 4564 nodes and 11112 edges,True
1063,Graph with 1682 nodes and 2720 edges,True
1064,Graph with 2170 nodes and 3286 edges,True
1065,Graph with 1958 nodes and 2841 edges,True
1066,Graph with 2618 nodes and 5629 edges,True
1067,Graph with 4800 nodes and 8254 edges,True
1068,Graph with 4978 nodes and 9062 edges,True
1069,Graph with 3352 nodes and 5109 edges,True
1070,Graph with 4614 nodes and 14884 edges,True
1071,Graph with 2652 nodes and 3768 edges,True
1072,Graph with 3302 nodes and 6153 edges,True
1073,Graph with 4142 nodes and 11260 edges,True
1074,Graph with 4662 nodes and 11639 edges,True
1075,Graph with 810 nodes and 1061 edges,True
1076,Graph with 926 nodes and 1291 edges,True
1077,Graph with 2676 nodes and 4421 edges,True
1078,Graph with 4802 nodes and 10206 edges,True
1079,Graph with 3848 nodes and 6342 edges,True
1080,Graph with 3828 nodes and 10519 edges,True
1081,Graph with 4776 nodes and 10087 edges,True
1082,Graph with 2914 nodes and 5847 edges,True
1083,Graph with 1792 nodes and 2674 edges,True
1084,Graph with 4232 nodes and 8149 edges,True
1085,Graph with 4286 nodes and 9080 edges,True
1086,Graph with 4640 nodes and 13987 edges,True
1087,Graph with 3164 nodes and 7116 edges,True
1088,Graph with 4132 nodes and 10290 edges,True
1089,Graph with 1318 nodes and 1772 edges,True
1090,Graph with 2814 nodes and 4692 edges,True
1091,Graph with 1350 nodes and 1947 edges,True
1092,Graph with 3226 nodes and 4971 edges,True
1093,Graph with 1254 nodes and 1956 edges,True
1094,Graph with 4974 nodes and 12617 edges,True
1095,Graph with 2454 nodes and 5266 edges,True
1096,Graph with 2886 nodes and 4546 edges,True
1097,Graph with 3552 nodes and 9642 edges,True
1098,Graph with 1870 nodes and 3277 edges,True
1099,Graph with 4874 nodes and 13302 edges,True
1100,Graph with 4976 nodes and 13744 edges,True
1101,Graph with 3522 nodes and 6574 edges,True
1102,Graph with 3472 nodes and 5416 edges,True
1103,Graph with 3596 nodes and 8387 edges,True
1104,Graph with 1976 nodes and 3300 edges,True
1105,Graph with 712 nodes and 897 edges,True
1106,Graph with 3914 nodes and 7788 edges,True
1107,Graph with 1576 nodes and 2503 edges,True
1108,Graph with 1920 nodes and 3120 edges,True
1109,Graph with 3734 nodes and 9025 edges,True
1110,Graph with 710 nodes and 874 edges,True
1111,Graph with 3298 nodes and 4988 edges,True
1112,Graph with 4438 nodes and 9442 edges,True
1113,Graph with 2092 nodes and 3097 edges,True
1114,Graph with 2750 nodes and 6273 edges,True
1115,Graph with 1572 nodes and 2573 edges,True
1116,Graph with 2578 nodes and 3551 edges,True
1117,Graph with 3342 nodes and 5748 edges,True
1118,Graph with 3608 nodes and 7203 edges,True
1119,Graph with 4780 nodes and 15786 edges,True
1120,Graph with 3102 nodes and 4759 edges,True
1121,Graph with 1284 nodes and 2122 edges,True
1122,Graph with 2662 nodes and 4381 edges,True
1123,Graph with 3000 nodes and 4870 edges,True
1124,Graph with 2156 nodes and 3825 edges,True
1125,Graph with 2888 nodes and 4836 edges,True
1126,Graph with 4872 nodes and 15634 edges,True
1127,Graph with 208 nodes and 220 edges,False
1128,Graph with 282 nodes and 307 edges,False
1129,Graph with 710 nodes and 928 edges,False
1130,Graph with 166 nodes and 167 edges,False
1131,Graph with 450 nodes and 490 edges,False
1132,Graph with 2960 nodes and 3727 edges,False
1133,Graph with 2434 nodes and 2927 edges,False
1134,Graph with 2498 nodes and 2685 edges,False
1135,Graph with 2326 nodes and 3480 edges,False
1136,Graph with 106 nodes and 106 edges,False
1137,Graph with 2274 nodes and 2337 edges,False
1138,Graph with 1414 nodes and 1819 edges,False
1139,Graph with 408 nodes and 478 edges,False
1140,Graph with 2022 nodes and 2669 edges,False
1141,Graph with 1162 nodes and 1177 edges,False
1142,Graph with 106 nodes and 107 edges,False
1143,Graph with 4578 nodes and 5863 edges,False
1144,Graph with 1058 nodes and 1082 edges,False
1145,Graph with 352 nodes and 367 edges,False
1146,Graph with 4080 nodes and 6110 edges,False
1147,Graph with 3236 nodes and 3418 edges,False
1148,Graph with 284 nodes and 287 edges,False
1149,Graph with 2578 nodes and 2983 edges,False
1150,Graph with 2472 nodes and 2938 edges,False
1151,Graph with 4296 nodes and 4952 edges,False
1152,Graph with 4182 nodes and 5919 edges,False
1153,Graph with 2680 nodes and 2983 edges,False
1154,Graph with 1274 nodes and 1511 edges,False
1155,Graph with 1656 nodes and 1724 edges,False
1156,Graph with 2512 nodes and 3123 edges,False
1157,Graph with 900 nodes and 1131 edges,False
1158,Graph with 1162 nodes and 1255 edges,False
1159,Graph with 546 nodes and 602 edges,False
1160,Graph with 2962 nodes and 3554 edges,False
1161,Graph with 840 nodes and 1028 edges,False
1162,Graph with 172 nodes and 171 edges,False
1163,Graph with 1128 nodes and 1131 edges,False
1164,Graph with 2374 nodes and 2542 edges,False
1165,Graph with 2592 nodes and 3252 edges,False
1166,Graph with 238 nodes and 238 edges,False
1167,Graph with 1046 nodes and 1165 edges,False
1168,Graph with 306 nodes and 330 edges,False
1169,Graph with 456 nodes and 517 edges,False
1170,Graph with 2446 nodes and 2622 edges,False
1171,Graph with 2684 nodes and 3778 edges,False
1172,Graph with 964 nodes and 1061 edges,False
1173,Graph with 104 nodes and 106 edges,False
1174,Graph with 4476 nodes and 5721 edges,False
1175,Graph with 2616 nodes and 3687 edges,False
1176,Graph with 3488 nodes and 3732 edges,False
1177,Graph with 2424 nodes and 3137 edges,False
1178,Graph with 2404 nodes and 2447 edges,False
1179,Graph with 3122 nodes and 3253 edges,False
1180,Graph with 1902 nodes and 2085 edges,False
1181,Graph with 2078 nodes and 2226 edges,False
1182,Graph with 2662 nodes and 3314 edges,False
1183,Graph with 1400 nodes and 1762 edges,False
1184,Graph with 1016 nodes and 1083 edges,False
1185,Graph with 702 nodes and 914 edges,False
1186,Graph with 3014 nodes and 4249 edges,False
1187,Graph with 364 nodes and 364 edges,False
1188,Graph with 2686 nodes and 3213 edges,False
1189,Graph with 1766 nodes and 2034 edges,False
1190,Graph with 3186 nodes and 3909 edges,False
1191,Graph with 2108 nodes and 2870 edges,False
1192,Graph with 198 nodes and 202 edges,False
1193,Graph with 1826 nodes and 2219 edges,False
1194,Graph with 2656 nodes and 2867 edges,False
1195,Graph with 738 nodes and 918 edges,False
1196,Graph with 1746 nodes and 2378 edges,False
1197,Graph with 1532 nodes and 1580 edges,False
1198,Graph with 2770 nodes and 3300 edges,False
1199,Graph with 4376 nodes and 4788 edges,False
1200,Graph with 4752 nodes and 10226 edges,True
1201,Graph with 4898 nodes and 12347 edges,True
1202,Graph with 3574 nodes and 9223 edges,True
1203,Graph with 3942 nodes and 11519 edges,True
1204,Graph with 4346 nodes and 13636 edges,True
1205,Graph with 2702 nodes and 4325 edges,True
1206,Graph with 4302 nodes and 10102 edges,True
1207,Graph with 2416 nodes and 4478 edges,True
1208,Graph with 1270 nodes and 1987 edges,True
1209,Graph with 4514 nodes and 9616 edges,True
1210,Graph with 1646 nodes and 2493 edges,True
1211,Graph with 4696 nodes and 10573 edges,True
1212,Graph with 1634 nodes and 2620 edges,True
1213,Graph with 4004 nodes and 7577 edges,True
1214,Graph with 100 nodes and 109 edges,True
1215,Graph with 4010 nodes and 11760 edges,True
1216,Graph with 3332 nodes and 7850 edges,True
1217,Graph with 1362 nodes and 1799 edges,True
1218,Graph with 3662 nodes and 6090 edges,True
1219,Graph with 1956 nodes and 3126 edges,True
1220,Graph with 4520 nodes and 13002 edges,True
1221,Graph with 4490 nodes and 7999 edges,True
1222,Graph with 4404 nodes and 11123 edges,True
1223,Graph with 1990 nodes and 3801 edges,True
1224,Graph with 3382 nodes and 7420 edges,True
1225,Graph with 2910 nodes and 6866 edges,True
1226,Graph with 1658 nodes and 2680 edges,True
1227,Graph with 2764 nodes and 6427 edges,True
1228,Graph with 1372 nodes and 1999 edges,True
1229,Graph with 3398 nodes and 6568 edges,True
1230,Graph with 2264 nodes and 3407 edges,True
1231,Graph with 2960 nodes and 4597 edges,True
1232,Graph with 4918 nodes and 11301 edges,True
1233,Graph with 2134 nodes and 3155 edges,True
1234,Graph with 2954 nodes and 4284 edges,True
1235,Graph with 614 nodes and 790 edges,True
1236,Graph with 4736 nodes and 10865 edges,True
1237,Graph with 4386 nodes and 8066 edges,True
1238,Graph with 3254 nodes and 5242 edges,True
1239,Graph with 1606 nodes and 2858 edges,True
1240,Graph with 4630 nodes and 13288 edges,True
1241,Graph with 2802 nodes and 5790 edges,True
1242,Graph with 1174 nodes and 1644 edges,True
1243,Graph with 3250 nodes and 8395 edges,True
1244,Graph with 3912 nodes and 8671 edges,True
1245,Graph with 1284 nodes and 1773 edges,True
1246,Graph with 3334 nodes and 7871 edges,True
1247,Graph with 3376 nodes and 5209 edges,True
1248,Graph with 1346 nodes and 1995 edges,True
1249,Graph with 1006 nodes and 1519 edges,True
1250,Graph with 4200 nodes and 12361 edges,True
1251,Graph with 4270 nodes and 10328 edges,True
1252,Graph with 3910 nodes and 7437 edges,True
1253,Graph with 3264 nodes and 7405 edges,True
1254,Graph with 3534 nodes and 9601 edges,True
1255,Graph with 3588 nodes and 9931 edges,True
1256,Graph with 4854 nodes and 12763 edges,True
1257,Graph with 4624 nodes and 7900 edges,True
1258,Graph with 3424 nodes and 6683 edges,True
1259,Graph with 1478 nodes and 2442 edges,True
1260,Graph with 1646 nodes and 2983 edges,True
1261,Graph with 3574 nodes and 6366 edges,True
1262,Graph with 1368 nodes and 2163 edges,True
1263,Graph with 4770 nodes and 12797 edges,True
1264,Graph with 3548 nodes and 9614 edges,True
1265,Graph with 1952 nodes and 3588 edges,True
1266,Graph with 2710 nodes and 6124 edges,True
1267,Graph with 4924 nodes and 10778 edges,True
1268,Graph with 1472 nodes and 2395 edges,True
1269,Graph with 3148 nodes and 5310 edges,True
1270,Graph with 1176 nodes and 1244 edges,False
1271,Graph with 806 nodes and 918 edges,False
1272,Graph with 3940 nodes and 5768 edges,False
1273,Graph with 3002 nodes and 4199 edges,False
1274,Graph with 2428 nodes and 2821 edges,False
1275,Graph with 2530 nodes and 3469 edges,False
1276,Graph with 4080 nodes and 4177 edges,False
1277,Graph with 2944 nodes and 3666 edges,False
1278,Graph with 4338 nodes and 6084 edges,False
1279,Graph with 1266 nodes and 1421 edges,False
1280,Graph with 208 nodes and 229 edges,False
1281,Graph with 4186 nodes and 5823 edges,False
1282,Graph with 476 nodes and 566 edges,False
1283,Graph with 4428 nodes and 6696 edges,False
1284,Graph with 912 nodes and 1136 edges,False
1285,Graph with 2226 nodes and 2363 edges,False
1286,Graph with 3520 nodes and 4573 edges,False
1287,Graph with 1298 nodes and 1648 edges,False
1288,Graph with 1036 nodes and 1232 edges,False
1289,Graph with 3746 nodes and 5539 edges,False
1290,Graph with 294 nodes and 342 edges,False
1291,Graph with 1066 nodes and 1081 edges,False
1292,Graph with 1210 nodes and 1515 edges,False
1293,Graph with 982 nodes and 1153 edges,False
1294,Graph with 4036 nodes and 5888 edges,False
1295,Graph with 1452 nodes and 1726 edges,False
1296,Graph with 3700 nodes and 4544 edges,False
1297,Graph with 2334 nodes and 2647 edges,False
1298,Graph with 4712 nodes and 5204 edges,False
1299,Graph with 2730 nodes and 2815 edges,False
1300,Graph with 1126 nodes and 1212 edges,False
1301,Graph with 884 nodes and 1026 edges,False
1302,Graph with 3416 nodes and 4680 edges,False
1303,Graph with 1976 nodes and 2411 edges,False
1304,Graph with 1372 nodes and 1597 edges,False
1305,Graph with 528 nodes and 532 edges,False
1306,Graph with 3764 nodes and 5056 edges,False
1307,Graph with 892 nodes and 1234 edges,False
1308,Graph with 1340 nodes and 1434 edges,False
1309,Graph with 2442 nodes and 3254 edges,False
1310,Graph with 2250 nodes and 3159 edges,False
1311,Graph with 4968 nodes and 6720 edges,False
1312,Graph with 4406 nodes and 5185 edges,False
1313,Graph with 1156 nodes and 1332 edges,False
1314,Graph with 684 nodes and 776 edges,False
1315,Graph with 1002 nodes and 1105 edges,False
1316,Graph with 1958 nodes and 2260 edges,False
1317,Graph with 522 nodes and 527 edges,False
1318,Graph with 568 nodes and 578 edges,False
1319,Graph with 1000 nodes and 1074 edges,False
1320,Graph with 4726 nodes and 5614 edges,False
1321,Graph with 636 nodes and 651 edges,False
1322,Graph with 744 nodes and 789 edges,False
1323,Graph with 828 nodes and 836 edges,False
1324,Graph with 522 nodes and 527 edges,False
1325,Graph with 556 nodes and 581 edges,False
1326,Graph with 1946 nodes and 1996 edges,False
1327,Graph with 1912 nodes and 2365 edges,False
1328,Graph with 4742 nodes and 7359 edges,False
1329,Graph with 580 nodes and 684 edges,False
1330,Graph with 578 nodes and 622 edges,False
1331,Graph with 2398 nodes and 3551 edges,False
1332,Graph with 984 nodes and 1147 edges,False
1333,Graph with 4510 nodes and 5941 edges,False
1334,Graph with 4752 nodes and 4791 edges,False
1335,Graph with 286 nodes and 301 edges,False
1336,Graph with 672 nodes and 799 edges,False
1337,Graph with 314 nodes and 345 edges,False
1338,Graph with 868 nodes and 914 edges,False
1339,Graph with 3702 nodes and 4272 edges,False
1340,Graph with 2250 nodes and 3087 edges,False
1341,Graph with 358 nodes and 365 edges,False
1342,Graph with 138 nodes and 137 edges,False
1343,Graph with 1348 nodes and 1477 edges,False
1344,Graph with 3430 nodes and 4068 edges,False
1345,Graph with 4034 nodes and 5193 edges,False
1346,Graph with 2720 nodes and 3549 edges,False
1347,Graph with 1008 nodes and 1383 edges,False
1348,Graph with 382 nodes and 433 edges,False
1349,Graph with 712 nodes and 722 edges,False
1350,Graph with 1308 nodes and 1986 edges,True
1351,Graph with 3674 nodes and 6281 edges,True
1352,Graph with 2708 nodes and 4038 edges,True
1353,Graph with 2006 nodes and 3500 edges,True
1354,Graph with 3022 nodes and 4786 edges,True
1355,Graph with 268 nodes and 300 edges,True
1356,Graph with 4614 nodes and 7625 edges,True
1357,Graph with 4574 nodes and 7088 edges,True
1358,Graph with 4264 nodes and 9656 edges,True
1359,Graph with 2858 nodes and 4585 edges,True
1360,Graph with 2590 nodes and 4678 edges,True
1361,Graph with 3044 nodes and 6093 edges,True
1362,Graph with 2548 nodes and 5386 edges,True
1363,Graph with 1744 nodes and 2405 edges,True
1364,Graph with 2496 nodes and 5484 edges,True
1365,Graph with 1340 nodes and 1935 edges,True
1366,Graph with 4654 nodes and 13071 edges,True
1367,Graph with 4046 nodes and 8285 edges,True
1368,Graph with 3732 nodes and 8310 edges,True
1369,Graph with 4732 nodes and 9556 edges,True
1370,Graph with 2654 nodes and 5964 edges,True
1371,Graph with 3058 nodes and 7622 edges,True
1372,Graph with 2296 nodes and 4499 edges,True
1373,Graph with 4290 nodes and 12662 edges,True
1374,Graph with 2650 nodes and 6080 edges,True
1375,Graph with 1290 nodes and 1712 edges,True
1376,Graph with 2548 nodes and 3682 edges,True
1377,Graph with 976 nodes and 1386 edges,True
1378,Graph with 3962 nodes and 6536 edges,True
1379,Graph with 2446 nodes and 4918 edges,True
1380,Graph with 4986 nodes and 16952 edges,True
1381,Graph with 980 nodes and 1260 edges,True
1382,Graph with 3620 nodes and 7508 edges,True
1383,Graph with 3894 nodes and 7292 edges,True
1384,Graph with 2646 nodes and 4569 edges,True
1385,Graph with 2982 nodes and 4985 edges,True
1386,Graph with 3570 nodes and 9528 edges,True
1387,Graph with 2834 nodes and 5952 edges,True
1388,Graph with 4052 nodes and 8433 edges,True
1389,Graph with 3956 nodes and 8329 edges,True
1390,Graph with 1560 nodes and 2371 edges,True
1391,Graph with 1898 nodes and 3430 edges,True
1392,Graph with 1112 nodes and 1705 edges,True
1393,Graph with 2886 nodes and 5789 edges,True
1394,Graph with 2564 nodes and 5339 edges,True
1395,Graph with 4500 nodes and 9971 edges,True
1396,Graph with 1974 nodes and 3357 edges,True
1397,Graph with 3226 nodes and 6210 edges,True
1398,Graph with 3866 nodes and 6603 edges,True
1399,Graph with 2412 nodes and 4806 edges,True
1400,Graph with 2902 nodes and 5691 edges,True
1401,Graph with 4290 nodes and 10886 edges,True
1402,Graph with 4172 nodes and 11652 edges,True
1403,Graph with 4906 nodes and 16821 edges,True
1404,Graph with 4558 nodes and 14841 edges,True
1405,Graph with 4684 nodes and 9191 edges,True
1406,Graph with 3048 nodes and 6615 edges,True
1407,Graph with 1618 nodes and 2454 edges,True
1408,Graph with 3262 nodes and 6500 edges,True
1409,Graph with 3900 nodes and 10835 edges,True
1410,Graph with 2254 nodes and 3214 edges,True
1411,Graph with 972 nodes and 1392 edges,True
1412,Graph with 4988 nodes and 12877 edges,True
1413,Graph with 1400 nodes and 2287 edges,True
1414,Graph with 3864 nodes and 10587 edges,True
1415,Graph with 4414 nodes and 13564 edges,True
1416,Graph with 1810 nodes and 3158 edges,True
1417,Graph with 3378 nodes and 5477 edges,True
1418,Graph with 3736 nodes and 7176 edges,True
1419,Graph with 1558 nodes and 2604 edges,True
1420,Graph with 824 nodes and 1122 edges,True
1421,Graph with 3878 nodes and 10573 edges,True
1422,Graph with 3980 nodes and 7156 edges,True
1423,Graph with 1632 nodes and 2767 edges,True
1424,Graph with 1034 nodes and 1469 edges,True
1425,Graph with 2636 nodes and 5934 edges,True
1426,Graph with 2030 nodes and 3029 edges,True
1427,Graph with 4790 nodes and 14673 edges,True
1428,Graph with 4778 nodes and 11990 edges,True
1429,Graph with 2686 nodes and 5101 edges,True
1430,Graph with 1132 nodes and 1742 edges,True
1431,Graph with 3478 nodes and 8217 edges,True
1432,Graph with 3712 nodes and 10465 edges,True
1433,Graph with 3770 nodes and 4199 edges,False
1434,Graph with 2530 nodes and 3012 edges,False
1435,Graph with 382 nodes and 450 edges,False
1436,Graph with 3098 nodes and 3253 edges,False
1437,Graph with 818 nodes and 907 edges,False
1438,Graph with 258 nodes and 275 edges,False
1439,Graph with 314 nodes and 331 edges,False
1440,Graph with 1214 nodes and 1644 edges,False
1441,Graph with 636 nodes and 709 edges,False
1442,Graph with 788 nodes and 823 edges,False
1443,Graph with 4242 nodes and 6247 edges,False
1444,Graph with 270 nodes and 290 edges,False
1445,Graph with 864 nodes and 868 edges,False
1446,Graph with 912 nodes and 1091 edges,False
1447,Graph with 494 nodes and 549 edges,False
1448,Graph with 4534 nodes and 5278 edges,False
1449,Graph with 4582 nodes and 6662 edges,False
1450,Graph with 1348 nodes and 1667 edges,False
1451,Graph with 1576 nodes and 1678 edges,False
1452,Graph with 4074 nodes and 5653 edges,False
1453,Graph with 1958 nodes and 2504 edges,False
1454,Graph with 412 nodes and 414 edges,False
1455,Graph with 460 nodes and 526 edges,False
1456,Graph with 166 nodes and 165 edges,False
1457,Graph with 2854 nodes and 3933 edges,False
1458,Graph with 1196 nodes and 1259 edges,False
1459,Graph with 174 nodes and 177 edges,False
1460,Graph with 1028 nodes and 1238 edges,False
1461,Graph with 1862 nodes and 1880 edges,False
1462,Graph with 3138 nodes and 3422 edges,False
1463,Graph with 3286 nodes and 3517 edges,False
1464,Graph with 1334 nodes and 1388 edges,False
1465,Graph with 1014 nodes and 1140 edges,False
1466,Graph with 2870 nodes and 3036 edges,False
1467,Graph with 2772 nodes and 2842 edges,False
1468,Graph with 370 nodes and 408 edges,False
1469,Graph with 174 nodes and 181 edges,False
1470,Graph with 2816 nodes and 3496 edges,False
1471,Graph with 146 nodes and 150 edges,False
1472,Graph with 564 nodes and 609 edges,False
1473,Graph with 3306 nodes and 3915 edges,False
1474,Graph with 1138 nodes and 1223 edges,False
1475,Graph with 1692 nodes and 1757 edges,False
1476,Graph with 2432 nodes and 3273 edges,False
1477,Graph with 2132 nodes and 2971 edges,False
1478,Graph with 2366 nodes and 2979 edges,False
1479,Graph with 2948 nodes and 4394 edges,False
1480,Graph with 152 nodes and 162 edges,False
1481,Graph with 3258 nodes and 3591 edges,False
1482,Graph with 752 nodes and 905 edges,False
1483,Graph with 280 nodes and 282 edges,False
1484,Graph with 210 nodes and 210 edges,False
1485,Graph with 940 nodes and 1268 edges,False
1486,Graph with 4280 nodes and 5338 edges,False
1487,Graph with 4064 nodes and 4986 edges,False
1488,Graph with 3488 nodes and 5114 edges,False
1489,Graph with 1646 nodes and 2038 edges,False
1490,Graph with 1520 nodes and 1721 edges,False
1491,Graph with 1242 nodes and 1288 edges,False
1492,Graph with 3180 nodes and 3430 edges,False
1493,Graph with 1920 nodes and 2032 edges,False
1494,Graph with 1176 nodes and 1290 edges,False
1495,Graph with 3442 nodes and 4300 edges,False
1496,Graph with 494 nodes and 565 edges,False
1497,Graph with 686 nodes and 699 edges,False
1498,Graph with 482 nodes and 561 edges,False
1499,Graph with 3838 nodes and 4316 edges,False
1500,Graph with 2250 nodes and 3589 edges,True
1501,Graph with 1770 nodes and 2524 edges,True
1502,Graph with 1830 nodes and 3170 edges,True
1503,Graph with 3238 nodes and 8173 edges,True
1504,Graph with 3040 nodes and 6185 edges,True
1505,Graph with 3342 nodes and 7565 edges,True
1506,Graph with 1518 nodes and 2121 edges,True
1507,Graph with 3896 nodes and 6242 edges,True
1508,Graph with 4104 nodes and 7549 edges,True
1509,Graph with 3626 nodes and 5569 edges,True
1510,Graph with 4286 nodes and 7375 edges,True
1511,Graph with 2534 nodes and 5577 edges,True
1512,Graph with 1078 nodes and 1535 edges,True
1513,Graph with 4234 nodes and 8539 edges,True
1514,Graph with 3880 nodes and 9330 edges,True
1515,Graph with 3090 nodes and 6553 edges,True
1516,Graph with 4384 nodes and 12781 edges,True
1517,Graph with 2628 nodes and 5677 edges,True
1518,Graph with 3366 nodes and 5446 edges,True
1519,Graph with 2750 nodes and 6412 edges,True
1520,Graph with 3472 nodes and 6880 edges,True
1521,Graph with 2120 nodes and 3750 edges,True
1522,Graph with 4598 nodes and 10964 edges,True
1523,Graph with 1368 nodes and 1998 edges,True
1524,Graph with 2042 nodes and 3672 edges,True
1525,Graph with 4286 nodes and 13168 edges,True
1526,Graph with 3084 nodes and 7459 edges,True
1527,Graph with 3708 nodes and 8587 edges,True
1528,Graph with 4038 nodes and 6036 edges,True
1529,Graph with 2168 nodes and 4498 edges,True
1530,Graph with 2948 nodes and 7129 edges,True
1531,Graph with 2694 nodes and 4113 edges,True
1532,Graph with 656 nodes and 860 edges,True
1533,Graph with 2518 nodes and 4932 edges,True
1534,Graph with 2496 nodes and 5067 edges,True
1535,Graph with 4412 nodes and 13743 edges,True
1536,Graph with 3414 nodes and 6594 edges,True
1537,Graph with 3732 nodes and 10520 edges,True
1538,Graph with 1006 nodes and 1466 edges,True
1539,Graph with 2530 nodes and 4542 edges,True
1540,Graph with 3972 nodes and 9839 edges,True
1541,Graph with 4866 nodes and 16165 edges,True
1542,Graph with 3900 nodes and 11035 edges,True
1543,Graph with 1318 nodes and 1900 edges,True
1544,Graph with 3922 nodes and 6426 edges,True
1545,Graph with 4422 nodes and 7255 edges,True
1546,Graph with 2026 nodes and 3417 edges,True
1547,Graph with 4960 nodes and 10303 edges,True
1548,Graph with 3876 nodes and 8288 edges,True
1549,Graph with 3462 nodes and 8886 edges,True
1550,Graph with 4256 nodes and 9488 edges,True
1551,Graph with 4828 nodes and 12193 edges,True
1552,Graph with 4234 nodes and 12683 edges,True
1553,Graph with 4012 nodes and 11126 edges,True
1554,Graph with 4836 nodes and 12547 edges,True
1555,Graph with 4690 nodes and 7147 edges,True
1556,Graph with 4436 nodes and 8226 edges,True
1557,Graph with 4342 nodes and 11122 edges,True
1558,Graph with 1766 nodes and 3172 edges,True
1559,Graph with 1570 nodes and 2328 edges,True
1560,Graph with 4648 nodes and 14945 edges,True
1561,Graph with 2874 nodes and 6279 edges,True
1562,Graph with 1722 nodes and 3062 edges,True
1563,Graph with 2214 nodes and 3443 edges,True
1564,Graph with 3856 nodes and 6162 edges,True
1565,Graph with 3120 nodes and 6687 edges,True
1566,Graph with 4622 nodes and 13173 edges,True
1567,Graph with 1932 nodes and 3076 edges,True
1568,Graph with 4802 nodes and 8532 edges,True
1569,Graph with 960 nodes and 1373 edges,True
1570,Graph with 4842 nodes and 8217 edges,True
1571,Graph with 4646 nodes and 8338 edges,True
1572,Graph with 732 nodes and 946 edges,True
1573,Graph with 4252 nodes and 7357 edges,True
1574,Graph with 4692 nodes and 11860 edges,True
1575,Graph with 3798 nodes and 10018 edges,True
1576,Graph with 3970 nodes and 6563 edges,True
1577,Graph with 1738 nodes and 3250 edges,True
1578,Graph with 586 nodes and 751 edges,True
1579,Graph with 816 nodes and 1083 edges,True
1580,Graph with 122 nodes and 128 edges,False
1581,Graph with 4336 nodes and 5184 edges,False
1582,Graph with 232 nodes and 243 edges,False
1583,Graph with 308 nodes and 307 edges,False
1584,Graph with 2058 nodes and 2563 edges,False
1585,Graph with 360 nodes and 379 edges,False
1586,Graph with 4144 nodes and 6292 edges,False
1587,Graph with 306 nodes and 307 edges,False
1588,Graph with 526 nodes and 527 edges,False
1589,Graph with 388 nodes and 421 edges,False
1590,Graph with 1656 nodes and 1917 edges,False
1591,Graph with 3338 nodes and 4775 edges,False
1592,Graph with 954 nodes and 1036 edges,False
1593,Graph with 3714 nodes and 5116 edges,False
1594,Graph with 1774 nodes and 2226 edges,False
1595,Graph with 2098 nodes and 2290 edges,False
1596,Graph with 982 nodes and 999 edges,False
1597,Graph with 1488 nodes and 1772 edges,False
1598,Graph with 3648 nodes and 4329 edges,False
1599,Graph with 220 nodes and 228 edges,False
1600,Graph with 464 nodes and 472 edges,False
1601,Graph with 2438 nodes and 2681 edges,False
1602,Graph with 3412 nodes and 3506 edges,False
1603,Graph with 358 nodes and 410 edges,False
1604,Graph with 2934 nodes and 3616 edges,False
1605,Graph with 3208 nodes and 4284 edges,False
1606,Graph with 1702 nodes and 1824 edges,False
1607,Graph with 822 nodes and 1050 edges,False
1608,Graph with 4022 nodes and 5567 edges,False
1609,Graph with 118 nodes and 120 edges,False
1610,Graph with 1150 nodes and 1288 edges,False
1611,Graph with 168 nodes and 176 edges,False
1612,Graph with 2128 nodes and 2512 edges,False
1613,Graph with 840 nodes and 1094 edges,False
1614,Graph with 4066 nodes and 5001 edges,False
1615,Graph with 2708 nodes and 2855 edges,False
1616,Graph with 4916 nodes and 6788 edges,False
1617,Graph with 2332 nodes and 2456 edges,False
1618,Graph with 2986 nodes and 4493 edges,False
1619,Graph with 1286 nodes and 1629 edges,False
1620,Graph with 1574 nodes and 1933 edges,False
1621,Graph with 826 nodes and 868 edges,False
1622,Graph with 2198 nodes and 2208 edges,False
1623,Graph with 3688 nodes and 4927 edges,False
1624,Graph with 216 nodes and 222 edges,False
1625,Graph with 286 nodes and 297 edges,False
1626,Graph with 1392 nodes and 1915 edges,False
1627,Graph with 310 nodes and 325 edges,False
1628,Graph with 1034 nodes and 1035 edges,False
1629,Graph with 4398 nodes and 5274 edges,False
1630,Graph with 1612 nodes and 1965 edges,False
1631,Graph with 2428 nodes and 2678 edges,False
1632,Graph with 418 nodes and 481 edges,False
1633,Graph with 988 nodes and 1226 edges,False
1634,Graph with 648 nodes and 732 edges,False
1635,Graph with 2178 nodes and 2636 edges,False
1636,Graph with 416 nodes and 450 edges,False
1637,Graph with 2224 nodes and 2857 edges,False
1638,Graph with 550 nodes and 588 edges,False
1639,Graph with 4046 nodes and 5205 edges,False
1640,Graph with 3154 nodes and 4050 edges,False
1641,Graph with 112 nodes and 113 edges,False
1642,Graph with 2288 nodes and 2340 edges,False
1643,Graph with 614 nodes and 615 edges,False
1644,Graph with 4684 nodes and 7902 edges,False
1645,Graph with 2812 nodes and 2858 edges,False
1646,Graph with 4498 nodes and 5722 edges,False
1647,Graph with 3682 nodes and 5012 edges,False
1648,Graph with 2514 nodes and 3580 edges,False
1649,Graph with 1742 nodes and 2295 edges,False
1650,Graph with 1032 nodes and 1473 edges,True
1651,Graph with 1162 nodes and 1707 edges,True
1652,Graph with 4082 nodes and 12058 edges,True
1653,Graph with 4776 nodes and 12725 edges,True
1654,Graph with 3716 nodes and 6423 edges,True
1655,Graph with 1600 nodes and 2529 edges,True
1656,Graph with 4182 nodes and 10462 edges,True
1657,Graph with 2678 nodes and 5447 edges,True
1658,Graph with 2056 nodes and 3864 edges,True
1659,Graph with 2048 nodes and 3490 edges,True
1660,Graph with 1512 nodes and 2342 edges,True
1661,Graph with 2218 nodes and 4128 edges,True
1662,Graph with 3452 nodes and 7047 edges,True
1663,Graph with 4286 nodes and 12674 edges,True
1664,Graph with 850 nodes and 1123 edges,True
1665,Graph with 4096 nodes and 8512 edges,True
1666,Graph with 1336 nodes and 2153 edges,True
1667,Graph with 3982 nodes and 11312 edges,True
1668,Graph with 3640 nodes and 7558 edges,True
1669,Graph with 2712 nodes and 5778 edges,True
1670,Graph with 3594 nodes and 7180 edges,True
1671,Graph with 3962 nodes and 10078 edges,True
1672,Graph with 5000 nodes and 13197 edges,True
1673,Graph with 3636 nodes and 8395 edges,True
1674,Graph with 2328 nodes and 4602 edges,True
1675,Graph with 472 nodes and 575 edges,True
1676,Graph with 750 nodes and 948 edges,True
1677,Graph with 4254 nodes and 11479 edges,True
1678,Graph with 3844 nodes and 10919 edges,True
1679,Graph with 3686 nodes and 6354 edges,True
1680,Graph with 4152 nodes and 11601 edges,True
1681,Graph with 4878 nodes and 9738 edges,True
1682,Graph with 4738 nodes and 13600 edges,True
1683,Graph with 3102 nodes and 6826 edges,True
1684,Graph with 3274 nodes and 6740 edges,True
1685,Graph with 2568 nodes and 5118 edges,True
1686,Graph with 1994 nodes and 3300 edges,True
1687,Graph with 2354 nodes and 4613 edges,True
1688,Graph with 2896 nodes and 7037 edges,True
1689,Graph with 2030 nodes and 3735 edges,True
1690,Graph with 4362 nodes and 13134 edges,True
1691,Graph with 1612 nodes and 2657 edges,True
1692,Graph with 1334 nodes and 2240 edges,True
1693,Graph with 3660 nodes and 5596 edges,True
1694,Graph with 4040 nodes and 6248 edges,True
1695,Graph with 3838 nodes and 7967 edges,True
1696,Graph with 2824 nodes and 5825 edges,True
1697,Graph with 884 nodes and 1239 edges,True
1698,Graph with 3416 nodes and 8923 edges,True
1699,Graph with 1096 nodes and 1693 edges,True
1700,Graph with 3602 nodes and 8826 edges,True
1701,Graph with 3486 nodes and 9421 edges,True
1702,Graph with 3738 nodes and 9613 edges,True
1703,Graph with 4554 nodes and 13579 edges,True
1704,Graph with 4122 nodes and 11288 edges,True
1705,Graph with 3250 nodes and 4796 edges,True
1706,Graph with 3596 nodes and 6956 edges,True
1707,Graph with 2230 nodes and 3108 edges,True
1708,Graph with 1454 nodes and 2328 edges,True
1709,Graph with 3990 nodes and 7336 edges,True
1710,Graph with 3510 nodes and 7347 edges,True
1711,Graph with 2992 nodes and 7324 edges,True
1712,Graph with 2686 nodes and 4349 edges,True
1713,Graph with 2442 nodes and 4956 edges,True
1714,Graph with 4454 nodes and 6623 edges,True
1715,Graph with 4308 nodes and 8866 edges,True
1716,Graph with 3944 nodes and 11595 edges,True
1717,Graph with 3248 nodes and 7265 edges,True
1718,Graph with 1864 nodes and 3527 edges,True
1719,Graph with 1670 nodes and 2578 edges,True
1720,Graph with 4338 nodes and 7400 edges,True
1721,Graph with 3930 nodes and 11311 edges,True
1722,Graph with 1200 nodes and 1709 edges,True
1723,Graph with 4824 nodes and 16389 edges,True
1724,Graph with 830 nodes and 1098 edges,True
1725,Graph with 3076 nodes and 5581 edges,True
1726,Graph with 3054 nodes and 6006 edges,True
1727,Graph with 4720 nodes and 8140 edges,True
1728,Graph with 3798 nodes and 10308 edges,True
1729,Graph with 1736 nodes and 2848 edges,True
1730,Graph with 4304 nodes and 8972 edges,True
1731,Graph with 4652 nodes and 8568 edges,True
1732,Graph with 4554 nodes and 10358 edges,True
1733,Graph with 4392 nodes and 11879 edges,True
1734,Graph with 4682 nodes and 10891 edges,True
1735,Graph with 1478 nodes and 2528 edges,True
1736,Graph with 4966 nodes and 13755 edges,True
1737,Graph with 1816 nodes and 3129 edges,True
1738,Graph with 2302 nodes and 4427 edges,True
1739,Graph with 3710 nodes and 9099 edges,True
1740,Graph with 608 nodes and 802 edges,True
1741,Graph with 1264 nodes and 1616 edges,False
1742,Graph with 120 nodes and 120 edges,False
1743,Graph with 3966 nodes and 4293 edges,False
1744,Graph with 3020 nodes and 4285 edges,False
1745,Graph with 1258 nodes and 1525 edges,False
1746,Graph with 500 nodes and 527 edges,False
1747,Graph with 484 nodes and 519 edges,False
1748,Graph with 512 nodes and 631 edges,False
1749,Graph with 3936 nodes and 4717 edges,False
1750,Graph with 870 nodes and 1048 edges,False
1751,Graph with 3528 nodes and 4468 edges,False
1752,Graph with 2216 nodes and 2729 edges,False
1753,Graph with 1648 nodes and 2009 edges,False
1754,Graph with 1400 nodes and 1511 edges,False
1755,Graph with 1840 nodes and 1853 edges,False
1756,Graph with 3204 nodes and 4646 edges,False
1757,Graph with 3092 nodes and 4254 edges,False
1758,Graph with 340 nodes and 354 edges,False
1759,Graph with 430 nodes and 438 edges,False
1760,Graph with 306 nodes and 311 edges,False
1761,Graph with 4506 nodes and 5281 edges,False
1762,Graph with 1082 nodes and 1550 edges,False
1763,Graph with 668 nodes and 837 edges,False
1764,Graph with 1308 nodes and 1487 edges,False
1765,Graph with 148 nodes and 153 edges,False
1766,Graph with 2366 nodes and 3152 edges,False
1767,Graph with 3638 nodes and 4874 edges,False
1768,Graph with 3874 nodes and 4419 edges,False
1769,Graph with 778 nodes and 933 edges,False
1770,Graph with 2980 nodes and 3714 edges,False
1771,Graph with 278 nodes and 316 edges,False
1772,Graph with 1308 nodes and 1769 edges,False
1773,Graph with 1748 nodes and 2065 edges,False
1774,Graph with 1588 nodes and 1606 edges,False
1775,Graph with 1902 nodes and 2622 edges,False
1776,Graph with 2632 nodes and 2677 edges,False
1777,Graph with 2700 nodes and 3627 edges,False
1778,Graph with 784 nodes and 830 edges,False
1779,Graph with 2684 nodes and 3488 edges,False
1780,Graph with 810 nodes and 1010 edges,False
1781,Graph with 2776 nodes and 4075 edges,False
1782,Graph with 398 nodes and 466 edges,False
1783,Graph with 2360 nodes and 3125 edges,False
1784,Graph with 4496 nodes and 4988 edges,False
1785,Graph with 3374 nodes and 4182 edges,False
1786,Graph with 3174 nodes and 3471 edges,False
1787,Graph with 600 nodes and 665 edges,False
1788,Graph with 4144 nodes and 4377 edges,False
1789,Graph with 3512 nodes and 5506 edges,False
1790,Graph with 3934 nodes and 5241 edges,False
1791,Graph with 1336 nodes and 1473 edges,False
1792,Graph with 232 nodes and 238 edges,False
1793,Graph with 2154 nodes and 2420 edges,False
1794,Graph with 1562 nodes and 1995 edges,False
1795,Graph with 3568 nodes and 4349 edges,False
1796,Graph with 4840 nodes and 5867 edges,False
1797,Graph with 790 nodes and 958 edges,False
1798,Graph with 1758 nodes and 2111 edges,False
1799,Graph with 1540 nodes and 2055 edges,False
